{
    "default_filament_colour": [
        "#3894A7"
    ],
    "enable_pressure_advance": [
        "1"
    ],
    "filament_flow_ratio": [
        "0.95"
    ],
    "filament_max_volumetric_speed": [
        "18"
    ],
    "filament_retract_when_changing_layer": [
        "0"
    ],
    "filament_settings_id": [
        "formfutura reform pla"
    ],
    "filament_vendor": [
        "Formfutura"
    ],
    "filament_wipe": [
        "0"
    ],
    "from": "User",
    "inherits": "My Generic PLA",
    "is_custom_defined": "0",
    "name": "formfutura reform pla",
    "nozzle_temperature_range_low": [
        "200"
    ],
    "pressure_advance": [
        "0.055"
    ],
    "slow_down_layer_time": [
        "1"
    ],
    "version": "1.9.0.2"
}
