{
    "from": "User",
    "inherits": "MyKlipper 0.4 nozzle",
    "is_custom_defined": "0",
    "machine_end_gcode": "end_print",
    "machine_max_acceleration_e": [
        "10000",
        "5000"
    ],
    "machine_max_acceleration_extruding": [
        "10000",
        "20000"
    ],
    "machine_max_acceleration_x": [
        "6000",
        "20000"
    ],
    "machine_max_acceleration_y": [
        "6000",
        "20000"
    ],
    "machine_max_acceleration_z": [
        "100",
        "200"
    ],
    "machine_max_speed_e": [
        "60",
        "25"
    ],
    "machine_start_gcode": "start_print BED_TEMP=[bed_temperature_initial_layer_single] EXTRUDER_TEMP=[nozzle_temperature_initial_layer] CHAMBER_TEMP=[chamber_temperature]",
    "name": "terra",
    "nozzle_type": "hardened_steel",
    "printable_area": [
        "20x0",
        "250x0",
        "250x230",
        "20x230"
    ],
    "printable_height": "200",
    "printer_settings_id": "terra",
    "retract_when_changing_layer": [
        "0"
    ],
    "retraction_length": [
        "1"
    ],
    "retraction_speed": [
        "60"
    ],
    "version": "1.9.0.2",
    "wipe": [
        "0"
    ]
}
