{
    "bottom_solid_infill_flow_ratio": "0.95",
    "bridge_speed": "80",
    "brim_ears_detection_length": "3",
    "brim_object_gap": "0.2",
    "brim_type": "no_brim",
    "default_acceleration": "6000",
    "default_jerk": "5",
    "elefant_foot_compensation": "0.1",
    "enable_support": "1",
    "from": "User",
    "gap_fill_target": "topbottom",
    "infill_combination": "1",
    "infill_wall_overlap": "35%",
    "inherits": "0.20mm Standard @MyKlipper",
    "initial_layer_acceleration": "3000",
    "initial_layer_infill_speed": "200",
    "initial_layer_line_width": "0.56",
    "initial_layer_speed": "100",
    "inner_wall_acceleration": "6000",
    "inner_wall_jerk": "5",
    "inner_wall_line_width": "0.5",
    "inner_wall_speed": "250",
    "internal_solid_infill_line_width": "0.5",
    "ironing_flow": "18%",
    "ironing_spacing": "0.2",
    "ironing_speed": "50",
    "is_custom_defined": "0",
    "layer_height": "0.12",
    "line_width": "0.45",
    "name": "terra speed 0.12mm",
    "only_one_wall_first_layer": "1",
    "only_one_wall_top": "1",
    "outer_wall_acceleration": "4000",
    "outer_wall_jerk": "5",
    "outer_wall_line_width": "0.5",
    "outer_wall_speed": "200",
    "overhang_2_4_speed": "100",
    "overhang_3_4_speed": "50",
    "overhang_reverse": "1",
    "precise_outer_wall": "1",
    "print_settings_id": "terra speed 0.12mm",
    "reduce_crossing_wall": "1",
    "skirt_speed": "100",
    "small_area_infill_flow_compensation": "1",
    "small_area_infill_flow_compensation_model": [
        "0,0",
        "\n0.2,0.3944",
        "\n0.4,0.5545",
        "\n0.6,0.6559",
        "\n0.8,0.7619",
        "\n1.5,0.8571",
        "\n2,0.8889",
        "\n3,0.9231",
        "\n5,0.9520",
        "\n10,1"
    ],
    "sparse_infill_line_width": "0.5",
    "sparse_infill_pattern": "cubic",
    "support_line_width": "0.5",
    "support_type": "normal(manual)",
    "top_shell_layers": "3",
    "top_solid_infill_flow_ratio": "0.95",
    "top_surface_acceleration": "4000",
    "top_surface_line_width": "0.45",
    "top_surface_speed": "150",
    "travel_acceleration": "6000",
    "version": "1.9.0.2",
    "wall_loops": "2",
    "wall_sequence": "inner-outer-inner wall",
    "wall_transition_angle": "25"
}
