{
    "bridge_no_support": "1",
    "brim_type": "brim_ears",
    "brim_width": "5",
    "elefant_foot_compensation": "0.5",
    "enable_support": "1",
    "from": "User",
    "infill_combination": "1",
    "inherits": "0.20mm Standard @Creality Ender3",
    "inner_wall_speed": "80",
    "internal_solid_infill_line_width": "0.4",
    "ironing_type": "top",
    "is_custom_defined": "0",
    "name": "0.20mm Standard @Creality Ender3 - Copy",
    "outer_wall_speed": "80",
    "print_settings_id": "0.20mm Standard @Creality Ender3 - Copy",
    "raft_first_layer_density": "30%",
    "raft_first_layer_expansion": "0",
    "skirt_loops": "0",
    "sparse_infill_density": "20%",
    "sparse_infill_line_width": "0.8",
    "sparse_infill_pattern": "adaptivecubic",
    "support_base_pattern_spacing": "2",
    "support_interface_pattern": "grid",
    "support_interface_top_layers": "2",
    "support_style": "default",
    "support_threshold_angle": "50",
    "support_type": "tree(manual)",
    "top_solid_infill_flow_ratio": "1.1",
    "version": "1.9.0.2",
    "wall_loops": "4",
    "xy_hole_compensation": "0.1"
}
