{
    "bottom_shell_layers": "4",
    "bottom_solid_infill_flow_ratio": "0.95",
    "bridge_flow": "0.9",
    "brim_ears_detection_length": "3",
    "brim_object_gap": "0.2",
    "brim_type": "no_brim",
    "counterbore_hole_bridging": "partiallybridge",
    "default_acceleration": "10000",
    "default_jerk": "9",
    "elefant_foot_compensation": "0.1",
    "enable_arc_fitting": "1",
    "enable_support": "1",
    "from": "User",
    "infill_anchor_max": "10",
    "infill_wall_overlap": "35%",
    "inherits": "0.20mm Standard @MyKlipper",
    "initial_layer_acceleration": "6000",
    "initial_layer_infill_speed": "150",
    "initial_layer_line_width": "0.56",
    "initial_layer_speed": "120",
    "inner_wall_acceleration": "10000",
    "inner_wall_line_width": "0.5",
    "inner_wall_speed": "250",
    "internal_bridge_speed": "250",
    "internal_solid_infill_line_width": "0.5",
    "internal_solid_infill_speed": "250",
    "ironing_flow": "14%",
    "ironing_spacing": "0.2",
    "ironing_speed": "100",
    "is_custom_defined": "0",
    "layer_height": "0.12",
    "line_width": "0.45",
    "name": "terra strength 0.12mm",
    "outer_wall_acceleration": "7000",
    "outer_wall_jerk": "5",
    "outer_wall_line_width": "0.5",
    "outer_wall_speed": "200",
    "overhang_2_4_speed": "150",
    "overhang_3_4_speed": "100",
    "overhang_4_4_speed": "75",
    "overhang_reverse": "1",
    "precise_outer_wall": "1",
    "print_settings_id": "terra strength 0.12mm",
    "reduce_crossing_wall": "1",
    "seam_gap": "2%",
    "seam_slope_conditional": "1",
    "seam_slope_inner_walls": "1",
    "seam_slope_type": "all",
    "skirt_speed": "100",
    "small_area_infill_flow_compensation": "1",
    "small_area_infill_flow_compensation_model": [
        "0,0",
        "\n0.2,0.3444",
        "\n0.4,0.5545",
        "\n0.6,0.6759",
        "\n0.8,0.7619",
        "\n1.5,0.8571",
        "\n2,0.7889",
        "\n5,0.9520",
        "\n10,1"
    ],
    "sparse_infill_line_width": "0.5",
    "sparse_infill_pattern": "cubic",
    "sparse_infill_speed": "250",
    "staggered_inner_seams": "1",
    "support_expansion": "-0.5",
    "support_line_width": "0.5",
    "support_style": "snug",
    "support_top_z_distance": "0.05",
    "support_type": "normal(manual)",
    "top_shell_layers": "5",
    "top_shell_thickness": "1.8",
    "top_solid_infill_flow_ratio": "0.95",
    "top_surface_acceleration": "6000",
    "top_surface_line_width": "0.45",
    "top_surface_speed": "150",
    "travel_acceleration": "10000",
    "travel_jerk": "9",
    "tree_support_wall_count": "2",
    "version": "1.9.0.2",
    "wall_loops": "4",
    "wall_sequence": "inner-outer-inner wall",
    "wall_transition_angle": "25",
    "wipe_on_loops": "1"
}
