{
    "bottom_solid_infill_flow_ratio": "0.95",
    "brim_type": "brim_ears",
    "default_acceleration": "6000",
    "default_jerk": "5",
    "elefant_foot_compensation": "0.1",
    "from": "User",
    "infill_combination": "1",
    "inherits": "0.20mm Standard @MyKlipper",
    "initial_layer_acceleration": "2000",
    "initial_layer_line_width": "0.56",
    "initial_layer_speed": "40",
    "inner_wall_acceleration": "6000",
    "inner_wall_jerk": "5",
    "ironing_flow": "20%",
    "ironing_type": "top",
    "is_custom_defined": "0",
    "layer_height": "0.28",
    "line_width": "0.45",
    "name": "0.20mm Standard terra",
    "outer_wall_acceleration": "4000",
    "outer_wall_jerk": "5",
    "outer_wall_speed": "150",
    "print_settings_id": "0.20mm Standard terra",
    "reduce_crossing_wall": "1",
    "skirt_speed": "100",
    "small_area_infill_flow_compensation": "1",
    "sparse_infill_density": "12%",
    "sparse_infill_line_width": "0.5",
    "sparse_infill_pattern": "cubic",
    "top_solid_infill_flow_ratio": "0.95",
    "travel_acceleration": "6000",
    "version": "1.9.0.2",
    "wall_transition_angle": "25"
}
